lag,ari_stable,ari_transition
0,0.04959465915485806,0.032340353637298536
4,0.03700161282413165,0.04720607719633546
8,0.05303264570284342,0.043065177260927734
12,0.0480728152945675,0.0392516512221737
